{"TT1\\cl-maze1.1": {"real": 0.4605263157894737, "null95": 0.4342105263157895, "pass": true}, "TT1\\cl-maze1.3": {"real": 0.5, "null95": 0.5921052631578947, "pass": false}, "TT1\\cl-maze1.4": {"real": 0.5769230769230769, "null95": 0.5128205128205128, "pass": true}, "TT1\\cl-maze1.5": {"real": 0.48717948717948717, "null95": 0.46153846153846156, "pass": true}, "TT10\\cl-maze1.4": {"real": 0.39473684210526316, "null95": 0.42105263157894735, "pass": false}, "TT10\\cl-maze1.5": {"real": 0.5, "null95": 0.5269736842105258, "pass": false}, "TT10\\cl-maze1.6": {"real": 0.4605263157894737, "null95": 0.7105263157894737, "pass": false}, "TT11\\cl-maze1.10": {"real": 0.44871794871794873, "null95": 0.5384615384615384, "pass": false}, "TT11\\cl-maze1.2": {"real": 0.47368421052631576, "null95": 0.42105263157894735, "pass": true}, "TT11\\cl-maze1.3": {"real": 0.5810810810810811, "null95": 0.43243243243243246, "pass": true}, "TT11\\cl-maze1.4": {"real": 0.5, "null95": 0.42105263157894735, "pass": true}, "TT11\\cl-maze1.5": {"real": 0.6538461538461539, "null95": 0.8205128205128205, "pass": false}, "TT11\\cl-maze1.6": {"real": 0.5641025641025641, "null95": 0.7307692307692308, "pass": false}, "TT11\\cl-maze1.7": {"real": 0.7948717948717948, "null95": 0.7692307692307692, "pass": true}, "TT11\\cl-maze1.8": {"real": 0.5526315789473685, "null95": 0.4473684210526316, "pass": true}, "TT11\\cl-maze1.9": {"real": 0.358974358974359, "null95": 0.47435897435897434, "pass": false}, "TT12\\cl-maze1.1": {"real": 0.631578947368421, "null95": 0.4605263157894737, "pass": true}, "TT12\\cl-maze1.2": {"real": 0.32894736842105265, "null95": 0.48684210526315785, "pass": false}, "TT12\\cl-maze1.3": {"real": 0.4473684210526316, "null95": 0.5263157894736842, "pass": false}, "TT12\\cl-maze1.4": {"real": 0.3717948717948718, "null95": 0.47435897435897434, "pass": false}, "TT13\\cl-maze1.2": {"real": 0.6578947368421053, "null95": 0.4605263157894737, "pass": true}, "TT13\\cl-maze1.3": {"real": 0.4358974358974359, "null95": 0.4358974358974359, "pass": false}, "TT13\\cl-maze1.4": {"real": 0.44871794871794873, "null95": 0.4358974358974359, "pass": true}, "TT13\\cl-maze1.5": {"real": 0.5128205128205128, "null95": 0.4358974358974359, "pass": true}, "TT14\\cl-maze1.1": {"real": 0.6578947368421053, "null95": 0.513157894736842, "pass": true}, "TT14\\cl-maze1.2": {"real": 0.3846153846153846, "null95": 0.47435897435897434, "pass": false}, "TT14\\cl-maze1.3": {"real": 0.48717948717948717, "null95": 0.48717948717948717, "pass": false}, "TT14\\cl-maze1.4": {"real": 0.5128205128205128, "null95": 0.6923076923076923, "pass": false}, "TT14\\cl-maze1.5": {"real": 0.618421052631579, "null95": 0.5394736842105263, "pass": true}, "TT14\\cl-maze1.6": {"real": 0.6923076923076923, "null95": 0.46153846153846156, "pass": true}, "TT14\\cl-maze1.7": {"real": 0.5384615384615384, "null95": 0.48717948717948717, "pass": true}, "TT6\\cl-maze1.1": {"real": 0.34615384615384615, "null95": 0.4230769230769231, "pass": false}, "TT6\\cl-maze1.4": {"real": 0.6842105263157895, "null95": 0.5, "pass": true}, "TT6\\cl-maze1.5": {"real": 0.6794871794871795, "null95": 0.48717948717948717, "pass": true}, "TT6\\cl-maze1.6": {"real": 0.3026315789473684, "null95": 0.40789473684210525, "pass": false}, "TT6\\cl-maze1.8": {"real": 0.34210526315789475, "null95": 0.4473684210526316, "pass": false}, "TT7_0001\\cl-maze1.1": {"real": 0.6153846153846154, "null95": 0.48717948717948717, "pass": true}, "TT7_0001\\cl-maze1.2": {"real": 0.3333333333333333, "null95": 0.4230769230769231, "pass": false}, "TT7_0001\\cl-maze1.3": {"real": 0.3157894736842105, "null95": 0.42105263157894735, "pass": false}, "TT7_0001\\cl-maze1.4": {"real": 0.47435897435897434, "null95": 0.5, "pass": false}, "TT7_0001\\cl-maze1.5": {"real": 0.5, "null95": 0.48684210526315785, "pass": true}, "TT7_0001\\cl-maze1.6": {"real": 0.5128205128205128, "null95": 0.47499999999999937, "pass": true}, "TT7_0001\\cl-maze1.7": {"real": 0.42105263157894735, "null95": 0.42171052631578887, "pass": false}, "TT7_0001\\cl-maze1.8": {"real": 0.6842105263157895, "null95": 0.4736842105263158, "pass": true}, "TT8\\cl-maze1.1": {"real": 0.3421052631578947, "null95": 0.48684210526315785, "pass": false}, "TT8\\cl-maze1.2": {"real": 0.47368421052631576, "null95": 0.5, "pass": false}, "TT8\\cl-maze1.3": {"real": 0.5, "null95": 0.5256410256410255, "pass": false}}